Keywords,Response
"hello,hi,hey,greetings","Hello! I'm thrilled to help you on your mentorship journey today. What's on your mind?"
"mentor,mentorship,find a mentor","To find the right mentor, start by identifying your specific goals. Look for leaders in your field on LinkedIn, or ask for introductions within your existing network."
"career,job,growth,promotion","Career growth is a marathon, not a sprint. Focus on expanding your skill set, asking for constructive feedback, and raising your hand for high-impact projects."
"resume,cv,portfolio","Your resume should tell a story of your impact. Instead of just listing tasks, use the STAR method: Situation, Task, Action, and quantifiable Result!"
"interview,interviews,preparation","When preparing for interviews, research the company culture deeply. Prepare 3-4 stories of past challenges you overcame, and always have 2-3 thoughtful questions ready for the interviewer."
"burnout,stress,tired,overwhelmed","It sounds like you're carrying a lot. Prioritize setting firm boundaries between work and life. Remember, taking a break is a strategic move to sustain your long-term growth."
"network,networking,connections","Networking isn't about collecting contacts; it's about building authentic relationships. Try offering help or sharing interesting articles before asking for favors."
"skill,skills,learn,study","The best way to learn is by doing. Try building a side project, contributing to open-source, or teaching what you learn to someone else."
"goals,goal,planning,objectives","Use the SMART framework: Make your goals Specific, Measurable, Achievable, Relevant, and Time-bound. Write them down and review them weekly!"
"thank you,thanks,appreciate","You are very welcome! I'm always here to help you grow. Keep up the amazing work!"