Keywords,Utterance,Response
"hello, hi, greet","hello, hi, hey, greetings",Hello! I am your mentorship assistant. How can I support your growth journey today?
"mentor, guide, coach","what is a mentor, who is a mentor, i need a mentor","A mentor is an experienced guide who shares knowledge, wisdom, and support to help you grow personally and professionally."
"mentorship, program, start","how do i start mentorship, what is mentorship about","Mentorship is a relationship where a more experienced person guides a less experienced one toward goals, skills, and life success."
"find, look, search, mentor","how do i find a mentor, where can i find a mentor","Look for mentors in your workplace, community, professional networks, or mentorship programs. Be clear about what you need from them."
"approach, ask, contact, mentor","how do i approach a mentor, how do i ask someone to be my mentor","Be respectful and specific. Explain why you admire their work, what you hope to learn, and how much time you will need."
"online, virtual, remote, mentor","can i find a mentor online, is online mentorship effective","Absolutely! Online mentorship is effective. Platforms like LinkedIn, MentorCruise, and local Facebook groups can connect you with great mentors."
"qualify, right, fit, mentor","how do i know if a mentor is right for me, who qualifies as a good mentor","A good mentor listens actively, shares experience honestly, challenges you constructively, and genuinely wants to see you succeed."
"multiple, more than one, two, mentors",can i have more than one mentor,"Yes! Having multiple mentors with different strengths — career, personal, spiritual — gives you a well-rounded support system."
"mentee, role, responsibility","what is the role of a mentee, what is expected of me as a mentee","A mentee should be open, prepared, ask thoughtful questions, follow through on advice, and show appreciation for the mentor's time."
"prepare, meeting, session, mentor",how do i prepare for a mentorship meeting,"Come with specific questions, updates on your progress, and a clear topic to discuss. Respect the mentor's time by being punctual."
"feedback, criticism, advice, mentor",how should i handle feedback from my mentor,"Receive feedback with an open mind. Even if it is hard to hear, it is designed to help you grow. Reflect on it before reacting."
"gratitude, thank, appreciate, mentor",how do i show gratitude to my mentor,"Say thank you sincerely, share your progress, give updates on how their advice helped, and respect their boundaries and time."
"disagree, conflict, mentor",what if i disagree with my mentor,"Respectfully share your perspective. Healthy discussions strengthen the relationship. Remember, the mentor has experience you may not yet have."
"ghost, disappear, mentor, quit",what if my mentor stops responding or ghosts me,"Send a polite follow-up. If they are unavailable long-term, it is okay to seek another mentor. Your growth cannot wait indefinitely."
"self-awareness, know yourself, identity","what is self-awareness, why is self-awareness important","Self-awareness is knowing your strengths, weaknesses, emotions, and values. It helps you make better decisions and build meaningful relationships."
"strengths, weakness, assess yourself",how do i identify my strengths and weaknesses,"Reflect on what you do well, ask for honest feedback from trusted people, and try tools like personality assessments or journaling."
"blind spot, unknown, weakness",what is a blind spot in personal development,A blind spot is a weakness you are unaware of. Mentors and feedback help reveal them so you can improve and grow more fully.
"journal, reflect, write, diary",should i keep a journal for personal growth,Yes! Journaling is a powerful tool for self-reflection. Writing about your thoughts and experiences helps you track growth and spot patterns.
"values, principles, beliefs",why are my values important in mentorship,Your values are your compass. Mentors who understand your values can guide you toward goals that truly align with who you are.
"purpose, mission, calling, life",how do i find my purpose in life,"Explore what energizes you, what problems you care deeply about solving, and what you would do even without pay. Your mentor can help you uncover this."
"goal, target, aim, ambition",how do i set meaningful goals,"Set SMART goals — Specific, Measurable, Achievable, Relevant, and Time-bound. Share them with your mentor for accountability."
"vision, dream, future, plan",how do i create a vision for my future,Imagine your ideal life in 5-10 years. Write it down in detail. Your mentor can help you build a roadmap to reach that vision.
"short, term, goals, now",what are short-term goals and why do they matter,Short-term goals are milestones on your bigger journey. They keep you motivated and give you measurable wins as you progress.
"long, term, goals, future",how do i stay committed to long-term goals,Break long-term goals into smaller steps. Track progress regularly. Celebrate small wins. Let your mentor help you stay accountable.
"priority, focus, distraction",how do i stay focused and avoid distractions,Identify your top three priorities each day. Limit time on social media. Use time-blocking techniques and check in with your mentor.
"growth, mindset, attitude",what is a growth mindset,A growth mindset is the belief that your abilities can be developed through dedication and hard work. It is the foundation of all progress.
"fixed, mindset, limit, belief",what is a fixed mindset and how do i overcome it,"A fixed mindset believes abilities are set in stone. Challenge it by embracing challenges, learning from failure, and seeking mentorship."
"failure, mistake, setback",how do i deal with failure and mistakes,"Failure is a teacher. Analyse what went wrong, learn from it, and adjust. Every great person you admire has failed and risen again."
"resilience, bounce, recover, tough",how do i become more resilient,"Build resilience by developing a support system, maintaining healthy habits, keeping perspective, and learning from every setback you face."
"confidence, believe, self-esteem",how do i build confidence,"Confidence grows through action. Start small, celebrate wins, surround yourself with supportive people, and push through discomfort regularly."
"communication, speak, talk, express",how do i improve my communication skills,"Practice active listening, be clear and concise, ask for feedback on how you come across, and study great communicators around you."
"listen, hearing, understand, pay attention",why is listening important in mentorship,"Great mentees listen more than they speak. Active listening shows respect, helps you absorb wisdom, and builds stronger relationships."
"public, speaking, present, stage",how do i overcome fear of public speaking,Start small — speak up in small groups. Join a club like Toastmasters. Practice regularly. Confidence in speaking grows with exposure.
"negotiate, negotiate, ask, salary",how do i negotiate better,"Know your value, do your research, be confident but respectful, and practice the conversation beforehand. Your mentor can do mock sessions with you."
"body, language, nonverbal, gesture",why does body language matter,"Over 50% of communication is nonverbal. Good posture, eye contact, and open gestures project confidence and trustworthiness."
"career, profession, job, work, growth",how do i grow in my career,"Be proactive, seek feedback, take on new challenges, network consistently, keep learning, and let your mentor help you identify opportunities."
"network, connect, relationship, build",how do i build a professional network,"Attend industry events, join professional groups, connect on LinkedIn, volunteer, and follow up with people you meet. Relationships compound over time."
"skill, learn, develop, improve",what skills should i develop for the future,"Focus on critical thinking, emotional intelligence, communication, digital literacy, and adaptability. These skills are future-proof and universally valued."
"leadership, lead, manage, team",how do i develop leadership skills,"Lead by example, listen to your team, take responsibility, make tough decisions, and keep learning. Great leaders never stop growing."
"promotion, raise, advance, career",how do i get promoted at work,"Exceed expectations consistently, make your achievements visible, build alliances, seek a mentor who has been promoted, and ask for what you want."
"study, learn, school, education",how do i make the most of my education,"Engage actively, ask questions, connect lessons to real life, seek mentors within school, and build a network of peers who challenge you."
"read, books, knowledge, wisdom",what books should i read for personal growth,"Start with classics like Think and Grow Rich, Atomic Habits, The Alchemist, and How to Win Friends and Influence People. Ask your mentor for more."
"online, course, certificate, training",how do online courses help my development,"Online courses offer flexible, affordable access to world-class knowledge. Combine them with mentorship to apply what you learn faster."
"learn, fast, quick, efficient",how do i learn new skills faster,"Use spaced repetition, teach what you learn, apply immediately, stay curious, and find a mentor who can give you shortcuts from experience."
"curiosity, question, explore",why is curiosity important for growth,"Curious people ask better questions, discover more opportunities, and never stop improving. Cultivate the habit of asking WHY and HOW every day."
"mental, health, wellbeing, mind",how does mental health affect personal development,"A healthy mind is the foundation of all growth. Without mental wellness, no amount of ambition or knowledge will sustain your progress long-term."
"stress, overwhelm, burnout",how do i manage stress and avoid burnout,"Set boundaries, take breaks, prioritize sleep, exercise, and talk to someone you trust. Your mentor can help you rebalance your workload."
"anxiety, nervous, fear, worry",what do i do when anxiety is holding me back,"Acknowledge your feelings, breathe deeply, challenge negative thoughts, take small steps forward, and consider professional counselling if needed."
"emotion, feeling, manage, control",how do i manage my emotions better,"Pause before reacting, name your emotions, journal regularly, practice mindfulness, and seek feedback on how your emotions affect others."
"positivity, optimism, mindset, hope",how do i stay positive during hard times,"Focus on what you can control, practice gratitude daily, surround yourself with hopeful people, and remind yourself that every season changes."
"relationship, friendship, bond, trust",how do i build strong relationships,"Be genuine, show up consistently, listen well, keep your promises, and invest time in people who also invest in you."
"community, belong, group, people",why is community important for growth,"Growth happens in community. Surrounding yourself with driven, supportive people accelerates your development more than going it alone ever will."
"toxic, negative, drain, people",how do i deal with negative or toxic people,"Limit your exposure, set clear boundaries, and do not let others' negativity define your path. Protect your energy deliberately and consistently."
"collaborate, team, work, together",how do i become a better team player,"Listen to others, contribute your strengths, acknowledge others' contributions, communicate clearly, and be reliable in your commitments."
"conflict, argument, resolve, peace",how do i resolve conflict in relationships,"Address issues early, listen to understand not to win, stay calm, find common ground, and remember the relationship is more important than being right."
"youth, young, generation, future",what message do you have for young people today,"The world needs your voice and vision. Stay curious, be disciplined, find mentors, serve your community, and never let anyone limit your potential."
"awareness, educate, inform, know",why is awareness important in personal growth,"Awareness of yourself, your environment, and the opportunities around you is the first step toward meaningful and lasting change."
"role, model, hero, inspire",how do i find a role model,"Look for people whose character, not just success, you admire. Observe them, learn from their journey, and let their example pull you higher."
"influence, impact, difference, change",how do i create a positive impact in my community,"Identify a need, use your skills to address it, bring others along, stay consistent, and remember even small acts of service create lasting ripples."
"legacy, leave, remember, impact",what does it mean to leave a legacy,"A legacy is the impact you leave in the lives of others. Live with intention, mentor others generously, and invest in something bigger than yourself."
"discipline, consistent, routine, habit",how do i become more disciplined,Start small. Build routines that lock in good behavior. Remove temptations. Celebrate consistency over perfection. Your mentor can be your accountability partner.
"habit, build, routine, daily",how do i build good habits that stick,"Attach new habits to existing ones, start tiny, track your progress, and give yourself at least 21 to 66 days before expecting automaticity."
"procrastinate, delay, lazy, later",how do i stop procrastinating,"Break tasks into tiny steps, start with just 2 minutes, remove digital distractions, and use accountability — tell your mentor your deadlines."
"time, manage, schedule, productive",how do i manage my time better,"Plan your day the night before, tackle the hardest task first, use time blocks, limit meetings, and audit how you actually spend each hour."
"morning, routine, wake, early",why is a morning routine important,"How you start your morning sets the tone for the day. Exercise, reflection, reading, or prayer in the morning puts you in a position of strength."
"money, finance, wealth, budget",how do i build financial awareness,"Track your spending, live below your means, save consistently, invest early, and seek a mentor who has built financial stability over time."
"save, saving, invest, future",why should i save and invest early,"Time is your greatest financial asset. The earlier you start saving and investing, the more compounding works in your favor for the long term."
"debt, borrow, loan, credit",how do i manage debt wisely,"Avoid unnecessary debt, pay high-interest debt first, track what you owe, and seek financial mentorship to build a plan you can stick to."
"entrepreneur, business, start, idea",how do i start my own business,"Validate your idea, start small, find a business mentor, build a network, learn basic finances, and be prepared to fail, learn, and adapt."
"income, earn, money, side hustle",how do i create multiple income streams,"Start with one income source, master it, then diversify. Skills, investments, and service can all generate income — your mentor can guide you."
"diversity, inclusion, equity, belong",why does diversity matter in mentorship,"Diverse mentorship exposes you to different perspectives, challenges biases, and prepares you to thrive in a complex, interconnected world."
"gender, women, equality, empower",how do we empower women through mentorship,"Support women's ambitions, provide access to networks, mentor young girls, celebrate their achievements, and challenge systems that hold them back."
"culture, background, different, respect",how do i respect people from different cultures,"Listen with curiosity, avoid assumptions, ask respectful questions, educate yourself, and find a mentor who has cross-cultural experience."
"bias, prejudice, stereotype, unfair",how do i overcome my own biases,"Acknowledge that everyone has biases. Seek diverse relationships, read widely, ask for feedback, and commit daily to seeing others as full human beings."
"marginalized, excluded, voice, represent",how do we make mentorship accessible to all,"Actively reach out to underrepresented groups, offer free or low-cost mentorship, and create safe spaces where every voice is valued and heard."
"motivate, inspire, energy, drive",how do i stay motivated when things are tough,Reconnect with your WHY. Read inspiring stories. Celebrate small wins. Surround yourself with driven people. Talk to your mentor when you feel lost.
"compare, jealous, others, success",how do i stop comparing myself to others,Comparison is the thief of joy. Run your own race. Use others' success as inspiration not intimidation. Focus on YOUR progress and YOUR timeline.
"imposter, syndrome, doubt, fake",what is imposter syndrome and how do i deal with it,Imposter syndrome makes you feel unqualified despite your achievements. Talk to your mentor — they likely felt the same. Document your wins often.
"dream, big, ambition, impossible",is it okay to dream big even from a humble background,Absolutely. Where you start does not determine where you finish. Many world changers came from nothing. Your background is not your barrier — it is your fuel.
"quit, give, up, stop",what should i do when i feel like giving up,"Pause, breathe, and call your mentor. Feeling like quitting is normal — it means you are in the growth zone. Rest if needed, but do not give up."
"become, mentor, give, back",how do i become a mentor to others,Share what you know generously. Be consistent. Listen more than you speak. Believe in your mentee's potential even when they don't. Give your time.
"peer, mentor, same, age, friend",can people my age mentor each other,"Absolutely! Peer mentorship is powerful. Sharing experiences with someone on the same journey creates mutual growth, accountability, and lasting friendship."
"mentor, young, child, student, school",how do i mentor young students effectively,"Be present, patient, and encouraging. Share your real story including failures. Let them lead conversations sometimes. Show them what is possible."
"volunteer, community, mentor, free",how do i volunteer as a mentor in my community,"Contact local schools, youth centers, churches, or NGOs. Offer your time regularly. Even a few hours a month can transform a young person's future."
"impact, mentoring, difference, change",what impact does mentoring have on society,"Mentorship creates a ripple effect. One person mentored well goes on to mentor others, build communities, and change entire generational trajectories."
"encourage, motivate, push, believe",i feel like i am not good enough to be mentored,You are absolutely worthy of mentorship. Every expert was once a beginner. Your potential is not determined by where you are — only where you choose to go.
"start, now, today, begin",when is the best time to start my growth journey,"The best time was yesterday. The second best time is RIGHT NOW. Do not wait for perfect conditions. Start with what you have, where you are."
"afraid, scared, risk, step",how do i take the first step when i am afraid,Fear is a signal that something matters. Take the smallest possible step forward. Momentum builds courage. Your mentor walked this same path.
"success, define, win, achieve",how do i define success for myself,"Success is deeply personal. Define it by your values, not by what society expects. A mentor can help you clarify what truly fulfilling success looks like for YOU."
"thank, bye, end, done, goodbye","thank you, goodbye, see you later, that is all","You are welcome! Keep growing, stay consistent, and never underestimate the power of a good mentor. Come back anytime. Your journey matters!"
"change, adapt, pivot, flexible",how do i adapt to change and uncertainty,"Embrace change as growth in disguise. Stay curious, keep learning, build a flexible mindset, and lean on your mentor when the path is unclear."
"accountability, partner, commit, promise",what is an accountability partner and why do i need one,"An accountability partner helps you follow through on your goals by checking in regularly. A mentor often plays this role, keeping you honest and on track."
"integrity, honest, ethical, trustworthy",why is integrity important in leadership and growth,"Integrity is doing the right thing even when no one is watching. It builds trust, respect, and a reputation that opens doors nothing else can."
"volunteer, service, give, community",why should i serve my community as a young person,"Service builds empathy, expands your network, and gives your life meaning beyond personal gain. Leaders who serve are leaders who last."
"boundaries, limit, say no, protect",how do i set healthy boundaries in mentorship and life,"Clearly communicate your limits, say no without guilt when necessary, and respect others' boundaries too. Healthy boundaries build healthy relationships."
"social media, online, digital, brand",how do i build a positive digital presence,"Share your knowledge, engage authentically, avoid oversharing, and let your online presence reflect your real values and aspirations."
"ask, question, help, unsure",is it okay to ask for help when i am struggling,"Always. Asking for help is a sign of strength, not weakness. The wisest people in the world had teachers, coaches, and mentors. So should you."
"celebrate, win, milestone, reward",should i celebrate my progress even if it is small,Absolutely. Every small win is proof you are moving forward. Celebrating progress fuels motivation and makes the long journey more sustainable.
"patience, slow, progress, wait",what do i do when my progress feels too slow,"Trust the process. Growth is rarely linear. As long as you are learning and moving, you are ahead. Talk to your mentor for perspective and reassurance."
"inspire, next, generation, children, youth",how do i inspire the next generation around me,"Live with purpose and let people see it. Share your story honestly, be accessible, celebrate their potential, and invest your time in those who come after you."
"mental health, support, crisis, help line",where can i get mental health support or talk to someone,"You are not alone. Reach out to a professional or crisis line near you. For global support, visit https://www.befrienders.org or https://www.mentalhealth.org for guidance, articles, and local resources."
"therapist, counselor, therapy, professional help",how do i find a therapist or counselor,"Finding the right therapist matters. Start at https://www.psychologytoday.com/us/therapists to search by location and specialty. For free resources, visit https://www.7cups.com for online emotional support."
"suicide, self harm, crisis, hopeless","i feel hopeless, i am having dark thoughts",Please reach out immediately. You matter deeply. Contact a crisis line — visit https://www.iasp.info/resources/Crisis_Centres for your country's crisis centre. You do not have to face this alone.
"platform, app, website, find mentor online",what platforms can i use to find a mentor online,"There are great platforms for finding mentors. Try https://www.mentorcruise.com for professional mentorship, https://www.micromentor.org for business mentors, or https://adplist.org for free sessions with experienced professionals."
"volunteer, mentor, program, join",how do i join a mentorship program as a mentor or mentee,"Many programs connect mentors and mentees globally. Explore https://www.mentoring.org to find programs near you, or visit https://www.iamentor.org for youth-focused mentorship opportunities."
"women, mentor, female, girl, program",are there mentorship programs specifically for women and girls,Yes! Several excellent programs exist. Visit https://www.womensmentoring.com or https://www.girlswhocode.com for tech-focused mentoring. Also check https://www.leanin.org/circles for community support groups.
"linkedin, profile, professional, network online",how do i build a strong LinkedIn profile,LinkedIn is your digital career identity. Start at https://www.linkedin.com/learning for free tutorials on building your profile. Also visit https://www.careereducation.columbia.edu/resources/linkedin-profile-tips for expert tips.
"resume, cv, write, job application",how do i write a great resume or CV,"A strong resume opens doors. Use free templates and guidance at https://www.resumegenius.com or https://www.canva.com/resumes for beautiful designs. For tips, visit https://www.thebalancemoney.com/top-resume-writing-tips-2063332."
"interview, job, prepare, questions",how do i prepare for a job interview,Preparation is everything. Practice common questions at https://www.glassdoor.com/Interview and study industry-specific questions. Also visit https://www.themuse.com/advice/interview-questions-and-answers for expert answers.
"freelance, remote, work, online job",how do i start freelancing or find remote work,"Freelancing is a great way to build income and skills. Start at https://www.upwork.com or https://www.fiverr.com. For remote job listings, visit https://www.remotive.com or https://www.weworkremotely.com."
"free course, learn online, education, certificate",where can i find free online courses to develop my skills,"There are amazing free resources available. Try https://www.coursera.org (audit for free), https://www.edx.org, or https://www.khanacademy.org. For tech skills specifically, visit https://www.freecodecamp.org."
"scholarship, bursary, fund, study abroad",how do i find scholarships for further education,Scholarships can change your life. Search at https://www.scholarships.com or https://www.opportunitydesk.org for global opportunities. African students should also check https://www.africaportal.org/scholarships.
"ted talk, inspiration, speech, video",where can i watch inspiring talks on mentorship and growth,"TED Talks are incredible for growth. Visit https://www.ted.com/topics/mentorship for mentorship talks, and https://www.ted.com/topics/personal-growth for personal development. Many are available free on YouTube too."
"book, read, summary, recommend",where can i find book summaries on personal development,"Reading is investing in yourself. For free summaries, visit https://www.blinkist.com (free trial) or https://www.grahammann.net/book-notes. You can also find audiobooks free at https://www.librivox.org."
"business, start, entrepreneur, register",how do i register and start a business,"Starting a business is exciting! For general guidance, visit https://www.sba.gov (US) or https://www.startupschool.org for free startup training. Learn business basics at https://www.score.org for free mentoring from experts."
"financial, literacy, money, budget, learn",where can i learn about personal finance and budgeting,"Financial literacy is life-changing. Start at https://www.investopedia.com for clear explanations. For practical tools, use https://www.mint.com to budget or visit https://www.mymoney.gov for free financial guides."
"invest, stocks, savings, how to",how do i start investing as a beginner,"Investing early changes your future. Learn the basics at https://www.investopedia.com/investing-4427685 or https://www.nerdwallet.com/investing. For beginner-friendly platforms, explore https://www.robinhood.com or local equivalents."
"youth, program, empower, young people",are there programs to empower young people globally,"Yes! Great programs exist. Visit https://www.youthactionnet.org or https://www.un.org/youthenvoy for global youth initiatives. In Africa, explore https://www.awdf.org and https://www.youngafricanleaders.org."
"volunteer, gap year, service, abroad",how do i find volunteer or gap year opportunities,"Volunteering transforms you and others. Explore https://www.peacecorps.gov, https://www.volunteerworld.com, or https://www.idealist.org for opportunities worldwide across many fields and causes."
"leadership, program, young, apply",how do i apply for leadership development programs,"Leadership programs are highly competitive but worth it. Check https://www.mandela.ac.za/mnylp for Africa, https://www.atlanticfellows.org globally, and https://www.yali.state.gov for the YALI program for young African leaders."
"meditate, mindfulness, calm, peace",how do i start meditating or practicing mindfulness,Mindfulness changes how you see the world. Start with guided sessions at https://www.headspace.com (free basics) or https://www.insighttimerapp.com for thousands of free meditations from global teachers.
"exercise, workout, fitness, health",where can i find free workout plans and fitness guidance,"Your body is your most important asset. Find free workouts at https://www.fitnessblender.com or https://www.nike.com/ntc-app (Nike Training Club). For nutrition alongside fitness, visit https://www.choosemyplate.gov."
"sleep, insomnia, rest, improve sleep",how do i improve my sleep quality,Quality sleep is essential for growth and clarity. Read science-backed tips at https://www.sleepfoundation.org or try the free sleep tracker at https://www.sleepcycle.com. The NHS also has great guides at https://www.nhs.uk/every-mind-matters/mental-wellbeing-tips/how-to-fall-asleep-faster.
"racism, discrimination, equality, justice",where can i learn more about equality and social justice,"Education is the foundation of change. Visit https://www.raceforward.org or https://www.tolerance.org for free resources. For a global perspective on equity and human rights, explore https://www.amnesty.org/en/human-rights."
"disability, inclusion, accessibility, support",where can people with disabilities find mentorship and support,Everyone deserves mentorship. Visit https://www.mentoring.org/programs/disability for resources. Also explore https://www.disabilitymentoring.org and https://www.abilitylinks.org for career mentoring tailored to people with disabilities.
"ngo, nonprofit, social, impact, cause",how do i get involved in social impact work or NGOs,"Social impact work is deeply fulfilling. Find opportunities at https://www.idealist.org or https://www.devex.com/jobs. To start your own initiative, explore resources at https://www.ssir.org (Stanford Social Innovation Review)."
"petition, advocacy, change, policy",how do i advocate for change in my community or country,"Your voice matters. Start at https://www.change.org to run campaigns. For civic education and advocacy skills, visit https://www.civiced.org or https://www.parliament.uk/education for how governments work."
"more, resource, guide, where, help",where can i find more mentorship and growth resources,"Here are powerful starting points: https://www.mentoring.org for mentorship, https://www.coursera.org for learning, https://www.ted.com for inspiration, and https://www.linkedin.com/learning for professional skills. Your growth has no ceiling!"
"contact, reach, connect, us, team",how do i contact a mentor or your support team,We are here to help! Explore communities on https://www.reddit.com/r/mentors or connect with professionals at https://adplist.org for free 1-on-1 sessions. Reach out and remember — asking for help is the first act of courage.
